Workbook

Sheet All Data
A1: Date | B1: Employee Name | C1: Stock Item | D1: In Qty | E1: Out Qty | F1: Amount
A2: 46296 | B2: Rahul Sharma | C2: Laptop | D2: 100 | E2: 20 | F2: 5000
A3: 46296 | B3: Priya Das | C3: Mobile | D3: 80 | E3: 10 | F3: 6400
A4: 46297 | B4: Rahul Sharma | C4: Laptop | D4: 50 | E4: 15 | F4: 2500
A5: 46297 | B5: Aman Khan | C5: Tablet | D5: 60 | E5: 12 | F5: 7200
A6: 46298 | B6: Priya Das | C6: Mobile | D6: 40 | E6: 5 | F6: 3200
A7: 46298 | B7: Rahul Sharma | C7: Tablet | D7: 30 | E7: 8 | F7: 3600
A8: 46299 | B8: Aman Khan | C8: Laptop | D8: 70 | E8: 20 | F8: 3500
A9: 46299 | B9: Priya Das | C9: Mobile | D9: 25 | E9: 6 | F9: 2000
A10: 46300 | B10: Rahul Sharma | C10: Laptop | D10: 40 | E10: 10 | F10: 2000
A11: 46300 | B11: Aman Khan | C11: Tablet | D11: 20 | E11: 5 | F11: 2400

Sheet Summary
A1: EMPLOYEE AND STOCK SUMMARY REPORT | G1: EMPLOYEE-WISE SUMMARY
A2: Employee Name | B2: Stock Item | C2: Total In Qty | D2: Total Out Qty | E2: Total Amount | G2: Employee Name | H2: Total In Qty | I2: Total Out Qty | J2: Total Amount
A3: Rahul Sharma | B3: Laptop | C3: =SUMIFS('All Data'!$D:$D,'All Data'!$B:$B,$A3,'All Data'!$C:$C,$B3) | D3: =SUMIFS('All Data'!$E:$E,'All Data'!$B:$B,$A3,'All Data'!$C:$C,$B3) | E3: =SUMIFS('All Data'!$F:$F,'All Data'!$B:$B,$A3,'All Data'!$C:$C,$B3) | G3: Rahul Sharma | H3: =SUMIF('All Data'!$B:$B,$G3,'All Data'!$D:$D) | I3: =SUMIF('All Data'!$B:$B,$G3,'All Data'!$E:$E) | J3: =SUMIF('All Data'!$B:$B,$G3,'All Data'!$F:$F)
A4: Rahul Sharma | B4: Tablet | C4: =SUMIFS('All Data'!$D:$D,'All Data'!$B:$B,$A4,'All Data'!$C:$C,$B4) | D4: =SUMIFS('All Data'!$E:$E,'All Data'!$B:$B,$A4,'All Data'!$C:$C,$B4) | E4: =SUMIFS('All Data'!$F:$F,'All Data'!$B:$B,$A4,'All Data'!$C:$C,$B4) | G4: Priya Das | H4: =SUMIF('All Data'!$B:$B,$G4,'All Data'!$D:$D) | I4: =SUMIF('All Data'!$B:$B,$G4,'All Data'!$E:$E) | J4: =SUMIF('All Data'!$B:$B,$G4,'All Data'!$F:$F)
A5: Priya Das | B5: Mobile | C5: =SUMIFS('All Data'!$D:$D,'All Data'!$B:$B,$A5,'All Data'!$C:$C,$B5) | D5: =SUMIFS('All Data'!$E:$E,'All Data'!$B:$B,$A5,'All Data'!$C:$C,$B5) | E5: =SUMIFS('All Data'!$F:$F,'All Data'!$B:$B,$A5,'All Data'!$C:$C,$B5) | G5: Aman Khan | H5: =SUMIF('All Data'!$B:$B,$G5,'All Data'!$D:$D) | I5: =SUMIF('All Data'!$B:$B,$G5,'All Data'!$E:$E) | J5: =SUMIF('All Data'!$B:$B,$G5,'All Data'!$F:$F)
A6: Aman Khan | B6: Tablet | C6: =SUMIFS('All Data'!$D:$D,'All Data'!$B:$B,$A6,'All Data'!$C:$C,$B6) | D6: =SUMIFS('All Data'!$E:$E,'All Data'!$B:$B,$A6,'All Data'!$C:$C,$B6) | E6: =SUMIFS('All Data'!$F:$F,'All Data'!$B:$B,$A6,'All Data'!$C:$C,$B6) | G6: GRAND TOTAL | H6: =SUM(H3:H5) | I6: =SUM(I3:I5) | J6: =SUM(J3:J5)
A7: Aman Khan | B7: Laptop | C7: =SUMIFS('All Data'!$D:$D,'All Data'!$B:$B,$A7,'All Data'!$C:$C,$B7) | D7: =SUMIFS('All Data'!$E:$E,'All Data'!$B:$B,$A7,'All Data'!$C:$C,$B7) | E7: =SUMIFS('All Data'!$F:$F,'All Data'!$B:$B,$A7,'All Data'!$C:$C,$B7)
A8: GRAND TOTAL | C8: =SUM(C3:C7) | D8: =SUM(D3:D7) | E8: =SUM(E3:E7)
